Competitor Name,Case study link
Floatbot,https://floatbot.ai/case-studies/utility-case-study
Assembled, https://www.assembled.com/case-study/autodesk
Aisera,https://content.aisera.com/case-studies/reputation
Assembled,https://www.assembled.com/case-study/brooks-running
Salesloft,https://www.salesloft.com/resources/case-studies/better-leads-with-bionic-chatbots
Assembled,https://www.assembled.com/case-study/capital-on-tap
Assembled,https://www.assembled.com/case-study/classpass
Intercom,https://www.intercom.com/customers/code-for-america
iAdvize,https://www.iadvize.com/en/success-story/vanden-borre
Assembled,https://www.assembled.com/case-study/dailypay
Chatfuel,https://chatfuel.com/success-stories/photobooth-deluxe-ecommerce
Chatfuel,https://chatfuel.com/success-stories/argomall-ecommerce
Level AI,https://thelevel.ai/case-studies/elevating-customer-support-efficiency-in-e-commerce-with-level-ai/
Floatbot,https://floatbot.ai/case-studies/ubi-agent-assist-case-study